{
  "model": "pfox1995/pest-detector-final",
  "base_model": "unsloth/Qwen3.5-9B",
  "accuracy": 0.913572343149808,
  "precision_macro": 0.9087848857636645,
  "recall_macro": 0.9101362557614943,
  "f1_macro": 0.9031728158750648,
  "precision_weighted": 0.9240352354800098,
  "recall_weighted": 0.913572343149808,
  "f1_weighted": 0.9133799734932485,
  "per_class": {
    "검거세미밤나방": {
      "precision": 0.6,
      "recall": 0.8571428571428571,
      "f1": 0.7058823529411765,
      "support": 14
    },
    "꽃노랑총채벌레": {
      "precision": 0.9523809523809523,
      "recall": 0.9302325581395349,
      "f1": 0.9411764705882353,
      "support": 43
    },
    "담배가루이": {
      "precision": 0.972972972972973,
      "recall": 0.8181818181818182,
      "f1": 0.8888888888888888,
      "support": 44
    },
    "담배거세미나방": {
      "precision": 0.9787234042553191,
      "recall": 0.9787234042553191,
      "f1": 0.9787234042553191,
      "support": 47
    },
    "담배나방": {
      "precision": 0.9428571428571428,
      "recall": 0.9850746268656716,
      "f1": 0.9635036496350365,
      "support": 67
    },
    "도둑나방": {
      "precision": 1.0,
      "recall": 0.6923076923076923,
      "f1": 0.8181818181818182,
      "support": 13
    },
    "먹노린재": {
      "precision": 0.9887640449438202,
      "recall": 0.967032967032967,
      "f1": 0.9777777777777777,
      "support": 91
    },
    "목화바둑명나방": {
      "precision": 0.6666666666666666,
      "recall": 0.9444444444444444,
      "f1": 0.7816091954022989,
      "support": 36
    },
    "무잎벌": {
      "precision": 1.0,
      "recall": 1.0,
      "f1": 1.0,
      "support": 22
    },
    "배추좀나방": {
      "precision": 0.8674698795180723,
      "recall": 0.8888888888888888,
      "f1": 0.8780487804878049,
      "support": 81
    },
    "배추흰나비": {
      "precision": 0.9658119658119658,
      "recall": 0.9658119658119658,
      "f1": 0.9658119658119658,
      "support": 117
    },
    "벼룩잎벌레": {
      "precision": 0.9726027397260274,
      "recall": 0.7135678391959799,
      "f1": 0.8231884057971014,
      "support": 199
    },
    "비단노린재": {
      "precision": 0.8333333333333334,
      "recall": 0.8823529411764706,
      "f1": 0.8571428571428571,
      "support": 34
    },
    "썩덩나무노린재": {
      "precision": 0.8341463414634146,
      "recall": 0.9884393063583815,
      "f1": 0.9047619047619048,
      "support": 173
    },
    "알락수염노린재": {
      "precision": 0.9741379310344828,
      "recall": 0.9416666666666667,
      "f1": 0.9576271186440678,
      "support": 120
    },
    "정상": {
      "precision": 0.8295454545454546,
      "recall": 0.9931972789115646,
      "f1": 0.9040247678018576,
      "support": 147
    },
    "큰28점박이무당벌레": {
      "precision": 0.9375,
      "recall": 0.9183673469387755,
      "f1": 0.9278350515463918,
      "support": 49
    },
    "톱다리개미허리노린재": {
      "precision": 1.0,
      "recall": 0.9078014184397163,
      "f1": 0.9516728624535316,
      "support": 141
    },
    "파밤나방": {
      "precision": 0.95,
      "recall": 0.9193548387096774,
      "f1": 0.9344262295081968,
      "support": 124
    }
  },
  "labels": [
    "검거세미밤나방",
    "꽃노랑총채벌레",
    "담배가루이",
    "담배거세미나방",
    "담배나방",
    "도둑나방",
    "먹노린재",
    "목화바둑명나방",
    "무잎벌",
    "배추좀나방",
    "배추흰나비",
    "벼룩잎벌레",
    "비단노린재",
    "썩덩나무노린재",
    "알락수염노린재",
    "정상",
    "큰28점박이무당벌레",
    "톱다리개미허리노린재",
    "파밤나방"
  ],
  "confusion_matrix": [
    [
      12,
      0,
      0,
      1,
      0,
      0,
      0,
      0,
      0,
      1,
      0,
      0,
      0,
      0,
      0,
      0,
      0,
      0,
      0
    ],
    [
      0,
      40,
      0,
      0,
      0,
      0,
      0,
      0,
      0,
      0,
      0,
      0,
      1,
      0,
      0,
      2,
      0,
      0,
      0
    ],
    [
      0,
      0,
      36,
      0,
      0,
      0,
      0,
      0,
      0,
      0,
      2,
      0,
      3,
      0,
      0,
      3,
      0,
      0,
      0
    ],
    [
      1,
      0,
      0,
      46,
      0,
      0,
      0,
      0,
      0,
      0,
      0,
      0,
      0,
      0,
      0,
      0,
      0,
      0,
      0
    ],
    [
      0,
      0,
      0,
      0,
      66,
      0,
      0,
      0,
      0,
      0,
      0,
      0,
      0,
      0,
      0,
      1,
      0,
      0,
      0
    ],
    [
      4,
      0,
      0,
      0,
      0,
      9,
      0,
      0,
      0,
      0,
      0,
      0,
      0,
      0,
      0,
      0,
      0,
      0,
      0
    ],
    [
      0,
      0,
      0,
      0,
      0,
      0,
      88,
      0,
      0,
      0,
      0,
      0,
      0,
      0,
      1,
      2,
      0,
      0,
      0
    ],
    [
      0,
      0,
      0,
      0,
      0,
      0,
      0,
      34,
      0,
      1,
      0,
      0,
      0,
      0,
      0,
      0,
      0,
      0,
      1
    ],
    [
      0,
      0,
      0,
      0,
      0,
      0,
      0,
      0,
      22,
      0,
      0,
      0,
      0,
      0,
      0,
      0,
      0,
      0,
      0
    ],
    [
      0,
      0,
      0,
      0,
      0,
      0,
      0,
      0,
      0,
      72,
      0,
      3,
      0,
      1,
      0,
      4,
      0,
      0,
      1
    ],
    [
      0,
      0,
      0,
      0,
      0,
      0,
      0,
      1,
      0,
      3,
      113,
      0,
      0,
      0,
      0,
      0,
      0,
      0,
      0
    ],
    [
      0,
      1,
      0,
      0,
      0,
      0,
      0,
      9,
      0,
      4,
      1,
      142,
      2,
      29,
      1,
      9,
      0,
      0,
      1
    ],
    [
      0,
      1,
      0,
      0,
      0,
      0,
      0,
      1,
      0,
      1,
      0,
      0,
      30,
      0,
      0,
      1,
      0,
      0,
      0
    ],
    [
      0,
      0,
      0,
      0,
      0,
      0,
      0,
      1,
      0,
      0,
      0,
      1,
      0,
      171,
      0,
      0,
      0,
      0,
      0
    ],
    [
      0,
      0,
      1,
      0,
      0,
      0,
      0,
      0,
      0,
      0,
      1,
      0,
      0,
      0,
      113,
      4,
      0,
      0,
      1
    ],
    [
      0,
      0,
      0,
      0,
      0,
      0,
      0,
      1,
      0,
      0,
      0,
      0,
      0,
      0,
      0,
      146,
      0,
      0,
      0
    ],
    [
      0,
      0,
      0,
      0,
      1,
      0,
      1,
      0,
      0,
      0,
      0,
      0,
      0,
      0,
      0,
      0,
      45,
      0,
      2
    ],
    [
      0,
      0,
      0,
      0,
      2,
      0,
      0,
      4,
      0,
      0,
      0,
      0,
      0,
      4,
      0,
      3,
      0,
      128,
      0
    ],
    [
      3,
      0,
      0,
      0,
      1,
      0,
      0,
      0,
      0,
      1,
      0,
      0,
      0,
      0,
      1,
      1,
      3,
      0,
      114
    ]
  ],
  "total": 1562
}