{
  "accuracy": 0.8946708463949843,
  "precision_macro": 0.9087848857636645,
  "recall_macro": 0.892775440965159,
  "f1_macro": 0.8944284263020924,
  "precision_weighted": 0.9242505600622694,
  "recall_weighted": 0.8946708463949843,
  "f1_weighted": 0.9037507189408122,
  "per_class": {
    "검거세미밤나방": {
      "precision": 0.6,
      "recall": 0.8571428571428571,
      "f1": 0.7058823529411765,
      "support": 14
    },
    "꽃노랑총채벌레": {
      "precision": 0.9523809523809523,
      "recall": 0.9090909090909091,
      "f1": 0.9302325581395349,
      "support": 44
    },
    "담배가루이": {
      "precision": 0.972972972972973,
      "recall": 0.8,
      "f1": 0.8780487804878049,
      "support": 45
    },
    "담배거세미나방": {
      "precision": 0.9787234042553191,
      "recall": 0.9583333333333334,
      "f1": 0.968421052631579,
      "support": 48
    },
    "담배나방": {
      "precision": 0.9428571428571428,
      "recall": 0.9565217391304348,
      "f1": 0.9496402877697842,
      "support": 69
    },
    "도둑나방": {
      "precision": 1.0,
      "recall": 0.6923076923076923,
      "f1": 0.8181818181818182,
      "support": 13
    },
    "먹노린재": {
      "precision": 0.9887640449438202,
      "recall": 0.946236559139785,
      "f1": 0.967032967032967,
      "support": 93
    },
    "목화바둑명나방": {
      "precision": 0.6666666666666666,
      "recall": 0.918918918918919,
      "f1": 0.7727272727272727,
      "support": 37
    },
    "무잎벌": {
      "precision": 1.0,
      "recall": 1.0,
      "f1": 1.0,
      "support": 22
    },
    "배추좀나방": {
      "precision": 0.8674698795180723,
      "recall": 0.8674698795180723,
      "f1": 0.8674698795180723,
      "support": 83
    },
    "배추흰나비": {
      "precision": 0.9658119658119658,
      "recall": 0.9416666666666667,
      "f1": 0.9535864978902954,
      "support": 120
    },
    "벼룩잎벌레": {
      "precision": 0.9726027397260274,
      "recall": 0.6995073891625616,
      "f1": 0.8137535816618912,
      "support": 203
    },
    "비단노린재": {
      "precision": 0.8333333333333334,
      "recall": 0.8571428571428571,
      "f1": 0.8450704225352113,
      "support": 35
    },
    "썩덩나무노린재": {
      "precision": 0.8341463414634146,
      "recall": 0.9661016949152542,
      "f1": 0.8952879581151832,
      "support": 177
    },
    "알락수염노린재": {
      "precision": 0.9741379310344828,
      "recall": 0.9186991869918699,
      "f1": 0.9456066945606695,
      "support": 123
    },
    "정상": {
      "precision": 0.8295454545454546,
      "recall": 0.9931972789115646,
      "f1": 0.9040247678018576,
      "support": 147
    },
    "큰28점박이무당벌레": {
      "precision": 0.9375,
      "recall": 0.9,
      "f1": 0.9183673469387755,
      "support": 50
    },
    "톱다리개미허리노린재": {
      "precision": 1.0,
      "recall": 0.8827586206896552,
      "f1": 0.9377289377289377,
      "support": 145
    },
    "파밤나방": {
      "precision": 0.95,
      "recall": 0.8976377952755905,
      "f1": 0.9230769230769231,
      "support": 127
    }
  },
  "real_classes": [
    "검거세미밤나방",
    "꽃노랑총채벌레",
    "담배가루이",
    "담배거세미나방",
    "담배나방",
    "도둑나방",
    "먹노린재",
    "목화바둑명나방",
    "무잎벌",
    "배추좀나방",
    "배추흰나비",
    "벼룩잎벌레",
    "비단노린재",
    "썩덩나무노린재",
    "알락수염노린재",
    "정상",
    "큰28점박이무당벌레",
    "톱다리개미허리노린재",
    "파밤나방"
  ],
  "labels_cm": [
    "검거세미밤나방",
    "꽃노랑총채벌레",
    "담배가루이",
    "담배거세미나방",
    "담배나방",
    "도둑나방",
    "먹노린재",
    "목화바둑명나방",
    "무잎벌",
    "배추좀나방",
    "배추흰나비",
    "벼룩잎벌레",
    "비단노린재",
    "썩덩나무노린재",
    "알락수염노린재",
    "정상",
    "큰28점박이무당벌레",
    "톱다리개미허리노린재",
    "파밤나방",
    "UNKNOWN"
  ],
  "confusion_matrix": [
    [
      12,
      0,
      0,
      1,
      0,
      0,
      0,
      0,
      0,
      1,
      0,
      0,
      0,
      0,
      0,
      0,
      0,
      0,
      0,
      0
    ],
    [
      0,
      40,
      0,
      0,
      0,
      0,
      0,
      0,
      0,
      0,
      0,
      0,
      1,
      0,
      0,
      2,
      0,
      0,
      0,
      1
    ],
    [
      0,
      0,
      36,
      0,
      0,
      0,
      0,
      0,
      0,
      0,
      2,
      0,
      3,
      0,
      0,
      3,
      0,
      0,
      0,
      1
    ],
    [
      1,
      0,
      0,
      46,
      0,
      0,
      0,
      0,
      0,
      0,
      0,
      0,
      0,
      0,
      0,
      0,
      0,
      0,
      0,
      1
    ],
    [
      0,
      0,
      0,
      0,
      66,
      0,
      0,
      0,
      0,
      0,
      0,
      0,
      0,
      0,
      0,
      1,
      0,
      0,
      0,
      2
    ],
    [
      4,
      0,
      0,
      0,
      0,
      9,
      0,
      0,
      0,
      0,
      0,
      0,
      0,
      0,
      0,
      0,
      0,
      0,
      0,
      0
    ],
    [
      0,
      0,
      0,
      0,
      0,
      0,
      88,
      0,
      0,
      0,
      0,
      0,
      0,
      0,
      1,
      2,
      0,
      0,
      0,
      2
    ],
    [
      0,
      0,
      0,
      0,
      0,
      0,
      0,
      34,
      0,
      1,
      0,
      0,
      0,
      0,
      0,
      0,
      0,
      0,
      1,
      1
    ],
    [
      0,
      0,
      0,
      0,
      0,
      0,
      0,
      0,
      22,
      0,
      0,
      0,
      0,
      0,
      0,
      0,
      0,
      0,
      0,
      0
    ],
    [
      0,
      0,
      0,
      0,
      0,
      0,
      0,
      0,
      0,
      72,
      0,
      3,
      0,
      1,
      0,
      4,
      0,
      0,
      1,
      2
    ],
    [
      0,
      0,
      0,
      0,
      0,
      0,
      0,
      1,
      0,
      3,
      113,
      0,
      0,
      0,
      0,
      0,
      0,
      0,
      0,
      3
    ],
    [
      0,
      1,
      0,
      0,
      0,
      0,
      0,
      9,
      0,
      4,
      1,
      142,
      2,
      29,
      1,
      9,
      0,
      0,
      1,
      4
    ],
    [
      0,
      1,
      0,
      0,
      0,
      0,
      0,
      1,
      0,
      1,
      0,
      0,
      30,
      0,
      0,
      1,
      0,
      0,
      0,
      1
    ],
    [
      0,
      0,
      0,
      0,
      0,
      0,
      0,
      1,
      0,
      0,
      0,
      1,
      0,
      171,
      0,
      0,
      0,
      0,
      0,
      4
    ],
    [
      0,
      0,
      1,
      0,
      0,
      0,
      0,
      0,
      0,
      0,
      1,
      0,
      0,
      0,
      113,
      4,
      0,
      0,
      1,
      3
    ],
    [
      0,
      0,
      0,
      0,
      0,
      0,
      0,
      1,
      0,
      0,
      0,
      0,
      0,
      0,
      0,
      146,
      0,
      0,
      0,
      0
    ],
    [
      0,
      0,
      0,
      0,
      1,
      0,
      1,
      0,
      0,
      0,
      0,
      0,
      0,
      0,
      0,
      0,
      45,
      0,
      2,
      1
    ],
    [
      0,
      0,
      0,
      0,
      2,
      0,
      0,
      4,
      0,
      0,
      0,
      0,
      0,
      4,
      0,
      3,
      0,
      128,
      0,
      4
    ],
    [
      3,
      0,
      0,
      0,
      1,
      0,
      0,
      0,
      0,
      1,
      0,
      0,
      0,
      0,
      1,
      1,
      3,
      0,
      114,
      3
    ],
    [
      0,
      0,
      0,
      0,
      0,
      0,
      0,
      0,
      0,
      0,
      0,
      0,
      0,
      0,
      0,
      0,
      0,
      0,
      0,
      0
    ]
  ],
  "total": 1595,
  "off_vocab_count": 33
}